,timestamp,ED,device,rgb_path,fish_length_mm,confidence
0,1751040799,ED-00,iPad,ED-00/iPad/FSM/rgb_1751040799.jpg,348.7212827370625,1
1,1751048739,ED-00,iPad,ED-00/iPad/FSM/rgb_1751048739.jpg,292.29378578427725,0
2,1751048791,ED-00,iPad,ED-00/iPad/FSM/rgb_1751048791.jpg,290.5769384870812,0
3,1751048875,ED-00,iPad,ED-00/iPad/FSM/rgb_1751048875.jpg,747.0248096256402,0
4,1751050086,ED-00,iPad,ED-00/iPad/FSM/rgb_1751050086.jpg,375.7944592189137,2
5,1751050103,ED-00,iPad,ED-00/iPad/FSM/rgb_1751050103.jpg,384.9712353542496,2
6,1751057767,ED-00,iPad,ED-00/iPad/FSM/rgb_1751057767.jpg,534.0814006935722,2
7,1751057870,ED-00,iPad,ED-00/iPad/FSM/rgb_1751057870.jpg,339.07218784051645,0
8,1751058323,ED-00,iPad,ED-00/iPad/FSM/rgb_1751058323.jpg,332.0152949910857,0
9,1751058522,ED-00,iPad,ED-00/iPad/FSM/rgb_1751058522.jpg,750.7282735881452,0
10,1751059022,ED-00,iPad,ED-00/iPad/FSM/rgb_1751059022.jpg,306.26330846784833,1
11,1751059104,ED-00,iPad,ED-00/iPad/FSM/rgb_1751059104.jpg,359.5471634568922,0
12,1751059200,ED-00,iPad,ED-00/iPad/FSM/rgb_1751059200.jpg,370.55850661408647,1
13,1751059296,ED-00,iPad,ED-00/iPad/FSM/rgb_1751059296.jpg,309.19924247723105,2
14,1751059385,ED-00,iPad,ED-00/iPad/FSM/rgb_1751059385.jpg,310.4064549524018,0
15,1751059462,ED-00,iPad,ED-00/iPad/FSM/rgb_1751059462.jpg,338.915874496532,0
16,1751059518,ED-00,iPad,ED-00/iPad/FSM/rgb_1751059518.jpg,271.9392557543887,1
17,1751059596,ED-00,iPad,ED-00/iPad/FSM/rgb_1751059596.jpg,385.1563434904193,0
18,1751059821,ED-00,iPad,ED-00/iPad/FSM/rgb_1751059821.jpg,323.9487709529962,1
19,1751059913,ED-00,iPad,ED-00/iPad/FSM/rgb_1751059913.jpg,406.63606316400626,1
20,1751059924,ED-00,iPad,ED-00/iPad/FSM/rgb_1751059924.jpg,375.4193598559364,2
21,1751060924,ED-00,iPad,ED-00/iPad/FSM/rgb_1751060924.jpg,341.93143436971854,0
22,1751061242,ED-00,iPad,ED-00/iPad/FSM/rgb_1751061242.jpg,376.11145787179487,0
23,1751410219,ED-04,iPad,ED-04/iPad/FSM/rgb_1751410219.jpg,278.58752232401105,2
24,1751410239,ED-04,iPad,ED-04/iPad/FSM/rgb_1751410239.jpg,282.3626984341177,2
25,1751410247,ED-04,iPad,ED-04/iPad/FSM/rgb_1751410247.jpg,280.91957914604023,2
26,1751410305,ED-04,iPad,ED-04/iPad/FSM/rgb_1751410305.jpg,279.1764546168099,2
27,1751410321,ED-04,iPad,ED-04/iPad/FSM/rgb_1751410321.jpg,281.8529842070803,2
28,1751410328,ED-04,iPad,ED-04/iPad/FSM/rgb_1751410328.jpg,281.182481010814,2
29,1751410334,ED-04,iPad,ED-04/iPad/FSM/rgb_1751410334.jpg,282.70389644223184,1
30,1751410340,ED-04,iPad,ED-04/iPad/FSM/rgb_1751410340.jpg,277.1247344772245,2
31,1751410347,ED-04,iPad,ED-04/iPad/FSM/rgb_1751410347.jpg,277.7610224583743,2
32,1751410354,ED-04,iPad,ED-04/iPad/FSM/rgb_1751410354.jpg,274.7319471468759,2
33,1751410363,ED-04,iPad,ED-04/iPad/FSM/rgb_1751410363.jpg,279.58514444255695,2
34,1751410370,ED-04,iPad,ED-04/iPad/FSM/rgb_1751410370.jpg,275.3409637769268,1
35,1751410376,ED-04,iPad,ED-04/iPad/FSM/rgb_1751410376.jpg,280.3937468930525,2
36,1751410383,ED-04,iPad,ED-04/iPad/FSM/rgb_1751410383.jpg,279.0900443931643,2
37,1751410389,ED-04,iPad,ED-04/iPad/FSM/rgb_1751410389.jpg,275.55880456645673,2
38,1751410395,ED-04,iPad,ED-04/iPad/FSM/rgb_1751410395.jpg,275.92659824118874,2
39,1751410401,ED-04,iPad,ED-04/iPad/FSM/rgb_1751410401.jpg,287.13074598026617,2
40,1751410408,ED-04,iPad,ED-04/iPad/FSM/rgb_1751410408.jpg,274.46224779228663,2
41,1751410414,ED-04,iPad,ED-04/iPad/FSM/rgb_1751410414.jpg,279.21810934748186,1
42,1751410812,ED-04,iPad,ED-04/iPad/FSM/rgb_1751410812.jpg,309.29246804157066,1
43,1751410821,ED-04,iPad,ED-04/iPad/FSM/rgb_1751410821.jpg,304.20575276867663,2
44,1751410828,ED-04,iPad,ED-04/iPad/FSM/rgb_1751410828.jpg,302.3697527440486,2
45,1751410835,ED-04,iPad,ED-04/iPad/FSM/rgb_1751410835.jpg,310.7978838132766,2
46,1751410842,ED-04,iPad,ED-04/iPad/FSM/rgb_1751410842.jpg,300.23910029012444,2
47,1751410851,ED-04,iPad,ED-04/iPad/FSM/rgb_1751410851.jpg,297.9914222423489,1
48,1751410863,ED-04,iPad,ED-04/iPad/FSM/rgb_1751410863.jpg,309.41268483351985,2
49,1751410871,ED-04,iPad,ED-04/iPad/FSM/rgb_1751410871.jpg,300.2670261112675,2
50,1751410880,ED-04,iPad,ED-04/iPad/FSM/rgb_1751410880.jpg,303.5413135684343,2
51,1751410889,ED-04,iPad,ED-04/iPad/FSM/rgb_1751410889.jpg,315.25150755602414,1
52,1751410897,ED-04,iPad,ED-04/iPad/FSM/rgb_1751410897.jpg,285.42949082563257,1
53,1751410906,ED-04,iPad,ED-04/iPad/FSM/rgb_1751410906.jpg,307.89902204093227,2
54,1751410915,ED-04,iPad,ED-04/iPad/FSM/rgb_1751410915.jpg,309.56008780103286,2
55,1751410924,ED-04,iPad,ED-04/iPad/FSM/rgb_1751410924.jpg,305.6927329605416,1
56,1751410932,ED-04,iPad,ED-04/iPad/FSM/rgb_1751410932.jpg,318.0471122500149,2
57,1751410974,ED-04,iPad,ED-04/iPad/FSM/rgb_1751410974.jpg,318.9783708681127,2
58,1751410979,ED-04,iPad,ED-04/iPad/FSM/rgb_1751410979.jpg,315.4961918282086,2
59,1751410987,ED-04,iPad,ED-04/iPad/FSM/rgb_1751410987.jpg,308.11668189928963,2
60,1751410994,ED-04,iPad,ED-04/iPad/FSM/rgb_1751410994.jpg,311.0536791452714,2
61,1751411001,ED-04,iPad,ED-04/iPad/FSM/rgb_1751411001.jpg,309.6139575526514,2
62,1751411838,ED-04,iPad,ED-04/iPad/FSM/rgb_1751411838.jpg,213.80546999843426,2
63,1751411845,ED-04,iPad,ED-04/iPad/FSM/rgb_1751411845.jpg,210.20172524221545,2
64,1751411851,ED-04,iPad,ED-04/iPad/FSM/rgb_1751411851.jpg,214.09393453002068,2
65,1751411858,ED-04,iPad,ED-04/iPad/FSM/rgb_1751411858.jpg,214.41950537956276,2
66,1751411864,ED-04,iPad,ED-04/iPad/FSM/rgb_1751411864.jpg,215.22989574722507,2
67,1751411870,ED-04,iPad,ED-04/iPad/FSM/rgb_1751411870.jpg,216.52439538460774,1
68,1751411875,ED-04,iPad,ED-04/iPad/FSM/rgb_1751411875.jpg,217.59805156927214,2
69,1751411882,ED-04,iPad,ED-04/iPad/FSM/rgb_1751411882.jpg,216.7983463026375,1
70,1751411888,ED-04,iPad,ED-04/iPad/FSM/rgb_1751411888.jpg,217.36234366326104,2
71,1751411894,ED-04,iPad,ED-04/iPad/FSM/rgb_1751411894.jpg,215.37617636561933,1
72,1751411901,ED-04,iPad,ED-04/iPad/FSM/rgb_1751411901.jpg,215.90829384979438,2
73,1751411907,ED-04,iPad,ED-04/iPad/FSM/rgb_1751411907.jpg,212.33673415546386,1
74,1751411914,ED-04,iPad,ED-04/iPad/FSM/rgb_1751411914.jpg,218.5404884983167,2
75,1751411920,ED-04,iPad,ED-04/iPad/FSM/rgb_1751411920.jpg,217.31683153095344,2
76,1751411926,ED-04,iPad,ED-04/iPad/FSM/rgb_1751411926.jpg,220.95348827207042,2
77,1751411932,ED-04,iPad,ED-04/iPad/FSM/rgb_1751411932.jpg,216.59587291398557,2
78,1751411939,ED-04,iPad,ED-04/iPad/FSM/rgb_1751411939.jpg,220.06448025168527,2
79,1751411945,ED-04,iPad,ED-04/iPad/FSM/rgb_1751411945.jpg,220.44014983220882,2
80,1751411950,ED-04,iPad,ED-04/iPad/FSM/rgb_1751411950.jpg,216.93763694261327,2
81,1751412847,ED-04,iPad,ED-04/iPad/FSM/rgb_1751412847.jpg,211.01592015353668,0
82,1751412854,ED-04,iPad,ED-04/iPad/FSM/rgb_1751412854.jpg,245.88639433728753,1
83,1751412862,ED-04,iPad,ED-04/iPad/FSM/rgb_1751412862.jpg,250.45608936887535,2
84,1751412869,ED-04,iPad,ED-04/iPad/FSM/rgb_1751412869.jpg,257.8053135065767,2
85,1751412876,ED-04,iPad,ED-04/iPad/FSM/rgb_1751412876.jpg,253.96945297224792,1
86,1751412883,ED-04,iPad,ED-04/iPad/FSM/rgb_1751412883.jpg,249.6141945494348,2
87,1751412889,ED-04,iPad,ED-04/iPad/FSM/rgb_1751412889.jpg,247.2727350280537,2
88,1751412897,ED-04,iPad,ED-04/iPad/FSM/rgb_1751412897.jpg,249.73973129633757,2
89,1751412904,ED-04,iPad,ED-04/iPad/FSM/rgb_1751412904.jpg,248.34747933433667,1
90,1751412911,ED-04,iPad,ED-04/iPad/FSM/rgb_1751412911.jpg,254.83246123703586,2
91,1751412918,ED-04,iPad,ED-04/iPad/FSM/rgb_1751412918.jpg,247.60515221837517,2
92,1751412925,ED-04,iPad,ED-04/iPad/FSM/rgb_1751412925.jpg,245.24488031029907,1
93,1751412932,ED-04,iPad,ED-04/iPad/FSM/rgb_1751412932.jpg,245.31672958033644,1
94,1751412939,ED-04,iPad,ED-04/iPad/FSM/rgb_1751412939.jpg,258.77925872693214,1
95,1751413766,ED-04,iPad,ED-04/iPad/FSM/rgb_1751413766.jpg,265.36859190334644,2
96,1751413772,ED-04,iPad,ED-04/iPad/FSM/rgb_1751413772.jpg,269.17328965865164,2
97,1751413778,ED-04,iPad,ED-04/iPad/FSM/rgb_1751413778.jpg,275.2465581532137,1
98,1751413786,ED-04,iPad,ED-04/iPad/FSM/rgb_1751413786.jpg,272.1828345363137,2
99,1751413793,ED-04,iPad,ED-04/iPad/FSM/rgb_1751413793.jpg,271.67994207426216,2
100,1751413800,ED-04,iPad,ED-04/iPad/FSM/rgb_1751413800.jpg,275.8877742454095,2
101,1751413807,ED-04,iPad,ED-04/iPad/FSM/rgb_1751413807.jpg,272.66538631874374,2
102,1751413814,ED-04,iPad,ED-04/iPad/FSM/rgb_1751413814.jpg,273.8538777684066,1
103,1751413820,ED-04,iPad,ED-04/iPad/FSM/rgb_1751413820.jpg,269.807507687436,1
104,1751413831,ED-04,iPad,ED-04/iPad/FSM/rgb_1751413831.jpg,284.531398227965,2
105,1751413839,ED-04,iPad,ED-04/iPad/FSM/rgb_1751413839.jpg,272.73508953467615,2
106,1751413846,ED-04,iPad,ED-04/iPad/FSM/rgb_1751413846.jpg,266.43837026438166,2
107,1751413884,ED-04,iPad,ED-04/iPad/FSM/rgb_1751413884.jpg,261.9410234968565,2
108,1751413892,ED-04,iPad,ED-04/iPad/FSM/rgb_1751413892.jpg,260.4890466870578,2
109,1751413897,ED-04,iPad,ED-04/iPad/FSM/rgb_1751413897.jpg,257.67579736709285,2
110,1751413905,ED-04,iPad,ED-04/iPad/FSM/rgb_1751413905.jpg,255.8745448411467,2
111,1751414589,ED-04,iPad,ED-04/iPad/FSM/rgb_1751414589.jpg,148.6243046353519,2
112,1751414600,ED-04,iPad,ED-04/iPad/FSM/rgb_1751414600.jpg,150.52947871466247,2
113,1751414610,ED-04,iPad,ED-04/iPad/FSM/rgb_1751414610.jpg,151.07645157528023,2
114,1751414632,ED-04,iPad,ED-04/iPad/FSM/rgb_1751414632.jpg,150.45965477959848,2
115,1751414640,ED-04,iPad,ED-04/iPad/FSM/rgb_1751414640.jpg,151.99317285978023,2
116,1751414649,ED-04,iPad,ED-04/iPad/FSM/rgb_1751414649.jpg,151.66854063212256,2
117,1751414660,ED-04,iPad,ED-04/iPad/FSM/rgb_1751414660.jpg,151.29738690592788,2
118,1751414667,ED-04,iPad,ED-04/iPad/FSM/rgb_1751414667.jpg,149.27700317234707,2
119,1751414674,ED-04,iPad,ED-04/iPad/FSM/rgb_1751414674.jpg,146.55159981362195,2
120,1751414681,ED-04,iPad,ED-04/iPad/FSM/rgb_1751414681.jpg,148.48341494889414,2
121,1751414688,ED-04,iPad,ED-04/iPad/FSM/rgb_1751414688.jpg,147.8554332683735,2
122,1751414695,ED-04,iPad,ED-04/iPad/FSM/rgb_1751414695.jpg,151.92245204845437,2
123,1751414701,ED-04,iPad,ED-04/iPad/FSM/rgb_1751414701.jpg,146.93564804928081,2
124,1751414707,ED-04,iPad,ED-04/iPad/FSM/rgb_1751414707.jpg,147.93038320342913,2
125,1751414713,ED-04,iPad,ED-04/iPad/FSM/rgb_1751414713.jpg,146.30829249545624,2
126,1751415262,ED-04,iPad,ED-04/iPad/FSM/rgb_1751415262.jpg,210.09918590859564,2
127,1751415267,ED-04,iPad,ED-04/iPad/FSM/rgb_1751415267.jpg,211.90920443940493,2
128,1751415274,ED-04,iPad,ED-04/iPad/FSM/rgb_1751415274.jpg,207.75734627416168,2
129,1751415280,ED-04,iPad,ED-04/iPad/FSM/rgb_1751415280.jpg,213.69437305826224,2
130,1751415287,ED-04,iPad,ED-04/iPad/FSM/rgb_1751415287.jpg,212.3387453458936,2
131,1751415293,ED-04,iPad,ED-04/iPad/FSM/rgb_1751415293.jpg,207.2293664060402,2
132,1751415299,ED-04,iPad,ED-04/iPad/FSM/rgb_1751415299.jpg,205.2887425401719,2
133,1751415306,ED-04,iPad,ED-04/iPad/FSM/rgb_1751415306.jpg,209.84728143696879,2
134,1751415312,ED-04,iPad,ED-04/iPad/FSM/rgb_1751415312.jpg,209.54322019614247,2
135,1751415318,ED-04,iPad,ED-04/iPad/FSM/rgb_1751415318.jpg,207.72716350494866,2
136,1751415324,ED-04,iPad,ED-04/iPad/FSM/rgb_1751415324.jpg,205.04360166089606,2
137,1751415330,ED-04,iPad,ED-04/iPad/FSM/rgb_1751415330.jpg,207.3197727533055,2
138,1751415336,ED-04,iPad,ED-04/iPad/FSM/rgb_1751415336.jpg,206.5283839743393,1
139,1751415343,ED-04,iPad,ED-04/iPad/FSM/rgb_1751415343.jpg,207.24436817388832,2
140,1751415350,ED-04,iPad,ED-04/iPad/FSM/rgb_1751415350.jpg,206.52957437074846,2
141,1751416243,ED-04,iPad,ED-04/iPad/FSM/rgb_1751416243.jpg,155.55126734036898,2
142,1751416250,ED-04,iPad,ED-04/iPad/FSM/rgb_1751416250.jpg,154.57541524766546,2
143,1751416256,ED-04,iPad,ED-04/iPad/FSM/rgb_1751416256.jpg,145.82685828656625,2
144,1751416262,ED-04,iPad,ED-04/iPad/FSM/rgb_1751416262.jpg,153.89183651664746,2
145,1751416268,ED-04,iPad,ED-04/iPad/FSM/rgb_1751416268.jpg,152.10191919678314,2
146,1751416274,ED-04,iPad,ED-04/iPad/FSM/rgb_1751416274.jpg,154.2874242796144,2
147,1751416280,ED-04,iPad,ED-04/iPad/FSM/rgb_1751416280.jpg,154.913286599685,2
148,1751416288,ED-04,iPad,ED-04/iPad/FSM/rgb_1751416288.jpg,149.28156559587276,2
149,1751416294,ED-04,iPad,ED-04/iPad/FSM/rgb_1751416294.jpg,152.6822307948277,2
150,1751416300,ED-04,iPad,ED-04/iPad/FSM/rgb_1751416300.jpg,151.6404120440679,2
151,1751416306,ED-04,iPad,ED-04/iPad/FSM/rgb_1751416306.jpg,150.7560080381516,2
152,1751416312,ED-04,iPad,ED-04/iPad/FSM/rgb_1751416312.jpg,153.9879612265271,2
153,1751416319,ED-04,iPad,ED-04/iPad/FSM/rgb_1751416319.jpg,148.35102661227685,2
154,1751416324,ED-04,iPad,ED-04/iPad/FSM/rgb_1751416324.jpg,149.4481935806107,2
155,1751416330,ED-04,iPad,ED-04/iPad/FSM/rgb_1751416330.jpg,150.0771859111757,2
156,1750975087,ED-00,iPhone,ED-00/iPhone/FSM/rgb_1750975087.jpg,301.63371519405365,2
157,1750975100,ED-00,iPhone,ED-00/iPhone/FSM/rgb_1750975100.jpg,324.23248187318154,1
158,1751035930,ED-00,iPhone,ED-00/iPhone/FSM/rgb_1751035930.jpg,336.57333763780684,0
159,1751039321,ED-00,iPhone,ED-00/iPhone/FSM/rgb_1751039321.jpg,349.5140080985515,1
160,1751039330,ED-00,iPhone,ED-00/iPhone/FSM/rgb_1751039330.jpg,330.4397462197638,1
161,1751039348,ED-00,iPhone,ED-00/iPhone/FSM/rgb_1751039348.jpg,345.1446545700153,2
162,1751040424,ED-00,iPhone,ED-00/iPhone/FSM/rgb_1751040424.jpg,342.58776358664943,1
163,1751041465,ED-00,iPhone,ED-00/iPhone/FSM/rgb_1751041465.jpg,310.61935077541455,1
164,1751041713,ED-00,iPhone,ED-00/iPhone/FSM/rgb_1751041713.jpg,254.44674783398247,1
165,1751041897,ED-00,iPhone,ED-00/iPhone/FSM/rgb_1751041897.jpg,225.9583140315958,1
166,1751042114,ED-00,iPhone,ED-00/iPhone/FSM/rgb_1751042114.jpg,205.5405243662086,2
167,1751042532,ED-00,iPhone,ED-00/iPhone/FSM/rgb_1751042532.jpg,277.9790266055893,1
168,1751042588,ED-00,iPhone,ED-00/iPhone/FSM/rgb_1751042588.jpg,179.21565244927243,2
169,1751043982,ED-00,iPhone,ED-00/iPhone/FSM/rgb_1751043982.jpg,1320.970578456432,0
170,1751044199,ED-00,iPhone,ED-00/iPhone/FSM/rgb_1751044199.jpg,326.07555341914195,0
171,1751044268,ED-00,iPhone,ED-00/iPhone/FSM/rgb_1751044268.jpg,415.31072806011946,0
172,1751052539,ED-00,iPhone,ED-00/iPhone/FSM/rgb_1751052539.jpg,964.8992404849066,0
173,1751052575,ED-00,iPhone,ED-00/iPhone/FSM/rgb_1751052575.jpg,524.2404126097615,0
174,1751052650,ED-00,iPhone,ED-00/iPhone/FSM/rgb_1751052650.jpg,1055.356558682434,0
175,1751052718,ED-00,iPhone,ED-00/iPhone/FSM/rgb_1751052718.jpg,385.3699867459176,0
176,1751052863,ED-00,iPhone,ED-00/iPhone/FSM/rgb_1751052863.jpg,590.1778120795827,0
177,1751053024,ED-00,iPhone,ED-00/iPhone/FSM/rgb_1751053024.jpg,178.62480562685857,1
178,1751053085,ED-00,iPhone,ED-00/iPhone/FSM/rgb_1751053085.jpg,160.92818745766837,0
179,1751053211,ED-00,iPhone,ED-00/iPhone/FSM/rgb_1751053211.jpg,190.81050997307085,2
180,1751053332,ED-00,iPhone,ED-00/iPhone/FSM/rgb_1751053332.jpg,247.1404646810803,0
181,1751053352,ED-00,iPhone,ED-00/iPhone/FSM/rgb_1751053352.jpg,171.20007087331547,1
182,1751053508,ED-00,iPhone,ED-00/iPhone/FSM/rgb_1751053508.jpg,181.07985817542445,1
183,1751054236,ED-00,iPhone,ED-00/iPhone/FSM/rgb_1751054236.jpg,327.7780820926924,0
184,1751054284,ED-00,iPhone,ED-00/iPhone/FSM/rgb_1751054284.jpg,243.11720144845734,0
185,1751054326,ED-00,iPhone,ED-00/iPhone/FSM/rgb_1751054326.jpg,285.1550774369994,0
186,1751054419,ED-00,iPhone,ED-00/iPhone/FSM/rgb_1751054419.jpg,339.0634179746902,1
187,1751054694,ED-00,iPhone,ED-00/iPhone/FSM/rgb_1751054694.jpg,225.99784275241734,0
188,1751054775,ED-00,iPhone,ED-00/iPhone/FSM/rgb_1751054775.jpg,202.7980834112987,2
189,1751054810,ED-00,iPhone,ED-00/iPhone/FSM/rgb_1751054810.jpg,157.91276795018044,0
190,1751054833,ED-00,iPhone,ED-00/iPhone/FSM/rgb_1751054833.jpg,161.85099538663096,0
191,1751055909,ED-00,iPhone,ED-00/iPhone/FSM/rgb_1751055909.jpg,355.76690896906877,1
192,1751056157,ED-00,iPhone,ED-00/iPhone/FSM/rgb_1751056157.jpg,342.8686037638041,1
193,1751056290,ED-00,iPhone,ED-00/iPhone/FSM/rgb_1751056290.jpg,313.0589650999658,2
194,1751056423,ED-00,iPhone,ED-00/iPhone/FSM/rgb_1751056423.jpg,183.30297894362883,2
195,1751056448,ED-00,iPhone,ED-00/iPhone/FSM/rgb_1751056448.jpg,219.87253645560727,2
196,1751056581,ED-00,iPhone,ED-00/iPhone/FSM/rgb_1751056581.jpg,176.36969711261924,2
197,1751056669,ED-00,iPhone,ED-00/iPhone/FSM/rgb_1751056669.jpg,170.8903388880902,2
198,1751409783,ED-04,iPhone,ED-04/iPhone/FSM/rgb_1751409783.jpg,267.2432310529345,2
199,1751409906,ED-04,iPhone,ED-04/iPhone/FSM/rgb_1751409906.jpg,289.5623787042121,2
200,1751409916,ED-04,iPhone,ED-04/iPhone/FSM/rgb_1751409916.jpg,281.4923859306197,2
201,1751409925,ED-04,iPhone,ED-04/iPhone/FSM/rgb_1751409925.jpg,282.26696560134013,2
202,1751409934,ED-04,iPhone,ED-04/iPhone/FSM/rgb_1751409934.jpg,282.1455221262481,2
203,1751409943,ED-04,iPhone,ED-04/iPhone/FSM/rgb_1751409943.jpg,291.88292039217185,2
204,1751409952,ED-04,iPhone,ED-04/iPhone/FSM/rgb_1751409952.jpg,292.94389482242417,2
205,1751409961,ED-04,iPhone,ED-04/iPhone/FSM/rgb_1751409961.jpg,286.74646751038443,2
206,1751409971,ED-04,iPhone,ED-04/iPhone/FSM/rgb_1751409971.jpg,282.50615965789746,1
207,1751409984,ED-04,iPhone,ED-04/iPhone/FSM/rgb_1751409984.jpg,290.19771399371837,1
208,1751410004,ED-04,iPhone,ED-04/iPhone/FSM/rgb_1751410004.jpg,281.7098773972614,2
209,1751410012,ED-04,iPhone,ED-04/iPhone/FSM/rgb_1751410012.jpg,290.07260014683624,2
210,1751410020,ED-04,iPhone,ED-04/iPhone/FSM/rgb_1751410020.jpg,292.55716416623403,2
211,1751410029,ED-04,iPhone,ED-04/iPhone/FSM/rgb_1751410029.jpg,281.35812405895587,2
212,1751410038,ED-04,iPhone,ED-04/iPhone/FSM/rgb_1751410038.jpg,301.51239565254576,1
213,1751410047,ED-04,iPhone,ED-04/iPhone/FSM/rgb_1751410047.jpg,314.20234134672967,1
214,1751410056,ED-04,iPhone,ED-04/iPhone/FSM/rgb_1751410056.jpg,311.8356286219514,1
215,1751410074,ED-04,iPhone,ED-04/iPhone/FSM/rgb_1751410074.jpg,283.6752216559975,2
216,1751410085,ED-04,iPhone,ED-04/iPhone/FSM/rgb_1751410085.jpg,283.16759543042497,2
217,1751410093,ED-04,iPhone,ED-04/iPhone/FSM/rgb_1751410093.jpg,291.9194156891098,1
218,1751410563,ED-04,iPhone,ED-04/iPhone/FSM/rgb_1751410563.jpg,317.6011715842286,2
219,1751410574,ED-04,iPhone,ED-04/iPhone/FSM/rgb_1751410574.jpg,307.1163038169339,2
220,1751410582,ED-04,iPhone,ED-04/iPhone/FSM/rgb_1751410582.jpg,305.49134316557627,2
221,1751410590,ED-04,iPhone,ED-04/iPhone/FSM/rgb_1751410590.jpg,308.3619439726354,1
222,1751410637,ED-04,iPhone,ED-04/iPhone/FSM/rgb_1751410637.jpg,311.4761306926107,2
223,1751410646,ED-04,iPhone,ED-04/iPhone/FSM/rgb_1751410646.jpg,311.5135759149593,2
224,1751410653,ED-04,iPhone,ED-04/iPhone/FSM/rgb_1751410653.jpg,311.4286590110437,1
225,1751410663,ED-04,iPhone,ED-04/iPhone/FSM/rgb_1751410663.jpg,319.3414096990347,2
226,1751410672,ED-04,iPhone,ED-04/iPhone/FSM/rgb_1751410672.jpg,308.44016406313204,2
227,1751410681,ED-04,iPhone,ED-04/iPhone/FSM/rgb_1751410681.jpg,311.1594566661349,2
228,1751410690,ED-04,iPhone,ED-04/iPhone/FSM/rgb_1751410690.jpg,312.0075402314972,2
229,1751410699,ED-04,iPhone,ED-04/iPhone/FSM/rgb_1751410699.jpg,308.9042621047067,1
230,1751410706,ED-04,iPhone,ED-04/iPhone/FSM/rgb_1751410706.jpg,311.5226293400038,1
231,1751410717,ED-04,iPhone,ED-04/iPhone/FSM/rgb_1751410717.jpg,317.8016927921515,2
232,1751410725,ED-04,iPhone,ED-04/iPhone/FSM/rgb_1751410725.jpg,314.27430714668617,2
233,1751410753,ED-04,iPhone,ED-04/iPhone/FSM/rgb_1751410753.jpg,315.1065314213347,2
234,1751410764,ED-04,iPhone,ED-04/iPhone/FSM/rgb_1751410764.jpg,304.92278960536254,2
235,1751410776,ED-04,iPhone,ED-04/iPhone/FSM/rgb_1751410776.jpg,311.3976101374309,2
236,1751410785,ED-04,iPhone,ED-04/iPhone/FSM/rgb_1751410785.jpg,308.42002778580445,2
237,1751410794,ED-04,iPhone,ED-04/iPhone/FSM/rgb_1751410794.jpg,304.0697005833571,1
238,1751411643,ED-04,iPhone,ED-04/iPhone/FSM/rgb_1751411643.jpg,205.39428118805202,1
239,1751411675,ED-04,iPhone,ED-04/iPhone/FSM/rgb_1751411675.jpg,211.68777470202988,2
240,1751411683,ED-04,iPhone,ED-04/iPhone/FSM/rgb_1751411683.jpg,208.21544158053095,2
241,1751411690,ED-04,iPhone,ED-04/iPhone/FSM/rgb_1751411690.jpg,217.11241743194168,2
242,1751411697,ED-04,iPhone,ED-04/iPhone/FSM/rgb_1751411697.jpg,216.77125214438541,2
243,1751411703,ED-04,iPhone,ED-04/iPhone/FSM/rgb_1751411703.jpg,214.54977242627345,2
244,1751411710,ED-04,iPhone,ED-04/iPhone/FSM/rgb_1751411710.jpg,216.33647455472575,2
245,1751411717,ED-04,iPhone,ED-04/iPhone/FSM/rgb_1751411717.jpg,224.95359078569064,2
246,1751411725,ED-04,iPhone,ED-04/iPhone/FSM/rgb_1751411725.jpg,220.95090751254105,2
247,1751411733,ED-04,iPhone,ED-04/iPhone/FSM/rgb_1751411733.jpg,221.39873163379823,2
248,1751411740,ED-04,iPhone,ED-04/iPhone/FSM/rgb_1751411740.jpg,218.66782174175557,2
249,1751411748,ED-04,iPhone,ED-04/iPhone/FSM/rgb_1751411748.jpg,219.60717906074152,2
250,1751411757,ED-04,iPhone,ED-04/iPhone/FSM/rgb_1751411757.jpg,228.11642961040272,2
251,1751411768,ED-04,iPhone,ED-04/iPhone/FSM/rgb_1751411768.jpg,200.63704141624206,2
252,1751411777,ED-04,iPhone,ED-04/iPhone/FSM/rgb_1751411777.jpg,206.79948010165145,2
253,1751411786,ED-04,iPhone,ED-04/iPhone/FSM/rgb_1751411786.jpg,213.08177380599614,2
254,1751411794,ED-04,iPhone,ED-04/iPhone/FSM/rgb_1751411794.jpg,212.04924130673908,2
255,1751411802,ED-04,iPhone,ED-04/iPhone/FSM/rgb_1751411802.jpg,203.2703320836256,1
256,1751411811,ED-04,iPhone,ED-04/iPhone/FSM/rgb_1751411811.jpg,221.886096998557,2
257,1751411818,ED-04,iPhone,ED-04/iPhone/FSM/rgb_1751411818.jpg,229.02714184523313,2
258,1751412606,ED-04,iPhone,ED-04/iPhone/FSM/rgb_1751412606.jpg,247.54634194697462,2
259,1751412615,ED-04,iPhone,ED-04/iPhone/FSM/rgb_1751412615.jpg,243.130599106936,1
260,1751412623,ED-04,iPhone,ED-04/iPhone/FSM/rgb_1751412623.jpg,255.6001472891653,1
261,1751412631,ED-04,iPhone,ED-04/iPhone/FSM/rgb_1751412631.jpg,257.65068209677287,1
262,1751412639,ED-04,iPhone,ED-04/iPhone/FSM/rgb_1751412639.jpg,255.85034407346973,1
263,1751412649,ED-04,iPhone,ED-04/iPhone/FSM/rgb_1751412649.jpg,222.7987817722932,2
264,1751412666,ED-04,iPhone,ED-04/iPhone/FSM/rgb_1751412666.jpg,249.32105090242354,2
265,1751412679,ED-04,iPhone,ED-04/iPhone/FSM/rgb_1751412679.jpg,236.65585977941979,1
266,1751412688,ED-04,iPhone,ED-04/iPhone/FSM/rgb_1751412688.jpg,253.67397149542785,2
267,1751412695,ED-04,iPhone,ED-04/iPhone/FSM/rgb_1751412695.jpg,250.18317515856918,2
268,1751412702,ED-04,iPhone,ED-04/iPhone/FSM/rgb_1751412702.jpg,251.65373777422963,2
269,1751412711,ED-04,iPhone,ED-04/iPhone/FSM/rgb_1751412711.jpg,245.10323069869105,2
270,1751412718,ED-04,iPhone,ED-04/iPhone/FSM/rgb_1751412718.jpg,253.09679885837633,1
271,1751412726,ED-04,iPhone,ED-04/iPhone/FSM/rgb_1751412726.jpg,237.99841933141911,2
272,1751413616,ED-04,iPhone,ED-04/iPhone/FSM/rgb_1751413616.jpg,273.2329995976136,2
273,1751413647,ED-04,iPhone,ED-04/iPhone/FSM/rgb_1751413647.jpg,271.1247379567431,2
274,1751413656,ED-04,iPhone,ED-04/iPhone/FSM/rgb_1751413656.jpg,267.251287206342,2
275,1751413665,ED-04,iPhone,ED-04/iPhone/FSM/rgb_1751413665.jpg,269.7353870931927,2
276,1751413675,ED-04,iPhone,ED-04/iPhone/FSM/rgb_1751413675.jpg,274.76705264328507,2
277,1751413682,ED-04,iPhone,ED-04/iPhone/FSM/rgb_1751413682.jpg,272.12896927748943,2
278,1751413689,ED-04,iPhone,ED-04/iPhone/FSM/rgb_1751413689.jpg,274.916220738269,2
279,1751413698,ED-04,iPhone,ED-04/iPhone/FSM/rgb_1751413698.jpg,278.0985967463345,2
280,1751413705,ED-04,iPhone,ED-04/iPhone/FSM/rgb_1751413705.jpg,276.0501698773728,2
281,1751413713,ED-04,iPhone,ED-04/iPhone/FSM/rgb_1751413713.jpg,271.4871224421883,2
282,1751413720,ED-04,iPhone,ED-04/iPhone/FSM/rgb_1751413720.jpg,267.3708356061577,2
283,1751413728,ED-04,iPhone,ED-04/iPhone/FSM/rgb_1751413728.jpg,265.35851725744027,2
284,1751413738,ED-04,iPhone,ED-04/iPhone/FSM/rgb_1751413738.jpg,270.17789592316154,2
285,1751413745,ED-04,iPhone,ED-04/iPhone/FSM/rgb_1751413745.jpg,262.29940371950323,1
286,1751413752,ED-04,iPhone,ED-04/iPhone/FSM/rgb_1751413752.jpg,255.40205523498372,1
287,1751414444,ED-04,iPhone,ED-04/iPhone/FSM/rgb_1751414444.jpg,148.5922562840591,2
288,1751414452,ED-04,iPhone,ED-04/iPhone/FSM/rgb_1751414452.jpg,151.96173757845915,2
289,1751414461,ED-04,iPhone,ED-04/iPhone/FSM/rgb_1751414461.jpg,144.58836302527564,2
290,1751414469,ED-04,iPhone,ED-04/iPhone/FSM/rgb_1751414469.jpg,151.36557102554502,2
291,1751414475,ED-04,iPhone,ED-04/iPhone/FSM/rgb_1751414475.jpg,149.69761582574247,2
292,1751414482,ED-04,iPhone,ED-04/iPhone/FSM/rgb_1751414482.jpg,148.93205082533652,2
293,1751414491,ED-04,iPhone,ED-04/iPhone/FSM/rgb_1751414491.jpg,150.67098681540287,2
294,1751414498,ED-04,iPhone,ED-04/iPhone/FSM/rgb_1751414498.jpg,148.56505373119768,2
295,1751414505,ED-04,iPhone,ED-04/iPhone/FSM/rgb_1751414505.jpg,151.3327572342451,2
296,1751414512,ED-04,iPhone,ED-04/iPhone/FSM/rgb_1751414512.jpg,150.79635322492592,2
297,1751414522,ED-04,iPhone,ED-04/iPhone/FSM/rgb_1751414522.jpg,149.093642873799,2
298,1751414533,ED-04,iPhone,ED-04/iPhone/FSM/rgb_1751414533.jpg,153.49947454599936,2
299,1751414540,ED-04,iPhone,ED-04/iPhone/FSM/rgb_1751414540.jpg,151.38568716223898,2
300,1751414547,ED-04,iPhone,ED-04/iPhone/FSM/rgb_1751414547.jpg,148.89596307106535,2
301,1751414553,ED-04,iPhone,ED-04/iPhone/FSM/rgb_1751414553.jpg,150.24053375390932,2
302,1751415145,ED-04,iPhone,ED-04/iPhone/FSM/rgb_1751415145.jpg,208.76548079034742,2
303,1751415155,ED-04,iPhone,ED-04/iPhone/FSM/rgb_1751415155.jpg,209.5742929496943,2
304,1751415162,ED-04,iPhone,ED-04/iPhone/FSM/rgb_1751415162.jpg,217.42076626579308,2
305,1751415168,ED-04,iPhone,ED-04/iPhone/FSM/rgb_1751415168.jpg,211.83559412854223,2
306,1751415176,ED-04,iPhone,ED-04/iPhone/FSM/rgb_1751415176.jpg,207.3203080137247,2
307,1751415183,ED-04,iPhone,ED-04/iPhone/FSM/rgb_1751415183.jpg,210.0996719304085,2
308,1751415190,ED-04,iPhone,ED-04/iPhone/FSM/rgb_1751415190.jpg,211.49987717234794,2
309,1751415197,ED-04,iPhone,ED-04/iPhone/FSM/rgb_1751415197.jpg,202.75454716513667,2
310,1751415204,ED-04,iPhone,ED-04/iPhone/FSM/rgb_1751415204.jpg,202.76158271739874,2
311,1751415210,ED-04,iPhone,ED-04/iPhone/FSM/rgb_1751415210.jpg,210.5474774341169,2
312,1751415217,ED-04,iPhone,ED-04/iPhone/FSM/rgb_1751415217.jpg,211.64129755796014,2
313,1751415224,ED-04,iPhone,ED-04/iPhone/FSM/rgb_1751415224.jpg,210.8308650773006,2
314,1751415230,ED-04,iPhone,ED-04/iPhone/FSM/rgb_1751415230.jpg,209.09037244629098,2
315,1751415239,ED-04,iPhone,ED-04/iPhone/FSM/rgb_1751415239.jpg,204.78444676031117,2
316,1751415246,ED-04,iPhone,ED-04/iPhone/FSM/rgb_1751415246.jpg,203.14694712102173,2
317,1751415923,ED-04,iPhone,ED-04/iPhone/FSM/rgb_1751415923.jpg,153.628693055114,1
318,1751415930,ED-04,iPhone,ED-04/iPhone/FSM/rgb_1751415930.jpg,156.57468614918662,2
319,1751416023,ED-04,iPhone,ED-04/iPhone/FSM/rgb_1751416023.jpg,150.5520086807569,2
320,1751416045,ED-04,iPhone,ED-04/iPhone/FSM/rgb_1751416045.jpg,157.01977646772724,2
321,1751416089,ED-04,iPhone,ED-04/iPhone/FSM/rgb_1751416089.jpg,147.88927001917213,2
322,1751416101,ED-04,iPhone,ED-04/iPhone/FSM/rgb_1751416101.jpg,154.40962965377935,2
323,1751416135,ED-04,iPhone,ED-04/iPhone/FSM/rgb_1751416135.jpg,154.48810838885618,2
324,1751416142,ED-04,iPhone,ED-04/iPhone/FSM/rgb_1751416142.jpg,150.74837840035588,2
325,1751416149,ED-04,iPhone,ED-04/iPhone/FSM/rgb_1751416149.jpg,150.59342201419366,2
326,1751416157,ED-04,iPhone,ED-04/iPhone/FSM/rgb_1751416157.jpg,156.6286801221225,2
327,1751416166,ED-04,iPhone,ED-04/iPhone/FSM/rgb_1751416166.jpg,153.6469017910207,2
328,1751416176,ED-04,iPhone,ED-04/iPhone/FSM/rgb_1751416176.jpg,152.47216260073492,2
329,1751416186,ED-04,iPhone,ED-04/iPhone/FSM/rgb_1751416186.jpg,154.0646641050461,2
330,1751416219,ED-04,iPhone,ED-04/iPhone/FSM/rgb_1751416219.jpg,156.92684872483545,2
331,1751416226,ED-04,iPhone,ED-04/iPhone/FSM/rgb_1751416226.jpg,154.10795463040247,2
332,1751462040,ED-05,iPad,ED-05/iPad/FSM/rgb_1751462040.jpg,322.19237847962347,1
333,1751462058,ED-05,iPad,ED-05/iPad/FSM/rgb_1751462058.jpg,330.29538273271953,1
334,1751470818,ED-05,iPad,ED-05/iPad/FSM/rgb_1751470818.jpg,162.9232222602082,2
335,1751470896,ED-05,iPad,ED-05/iPad/FSM/rgb_1751470896.jpg,324.0867515338662,2
336,1751472677,ED-05,iPad,ED-05/iPad/FSM/rgb_1751472677.jpg,315.44511168554,0
337,1751479162,ED-05,iPad,ED-05/iPad/FSM/rgb_1751479162.jpg,273.66982270939695,0
338,1751479290,ED-05,iPad,ED-05/iPad/FSM/rgb_1751479290.jpg,349.8022650337073,2
339,1751479640,ED-05,iPad,ED-05/iPad/FSM/rgb_1751479640.jpg,316.4540219831502,1
340,1751479797,ED-05,iPad,ED-05/iPad/FSM/rgb_1751479797.jpg,371.9486480036536,0
341,1751481120,ED-05,iPad,ED-05/iPad/FSM/rgb_1751481120.jpg,272.22317549898133,1
342,1751481638,ED-05,iPad,ED-05/iPad/FSM/rgb_1751481638.jpg,262.30035829206884,0
343,1751481834,ED-05,iPad,ED-05/iPad/FSM/rgb_1751481834.jpg,213.58053491020993,1
344,1751481839,ED-05,iPad,ED-05/iPad/FSM/rgb_1751481839.jpg,292.14656657547334,1
345,1751482063,ED-05,iPad,ED-05/iPad/FSM/rgb_1751482063.jpg,294.3359854442628,1
346,1751482125,ED-05,iPad,ED-05/iPad/FSM/rgb_1751482125.jpg,334.04089969358154,1
347,1751482318,ED-05,iPad,ED-05/iPad/FSM/rgb_1751482318.jpg,326.0681438362422,1
348,1751482328,ED-05,iPad,ED-05/iPad/FSM/rgb_1751482328.jpg,337.91703177751,0
349,1751482445,ED-05,iPad,ED-05/iPad/FSM/rgb_1751482445.jpg,283.2616403030177,1
350,1751560209,ED-06,iPad,ED-06/iPad/FSM/rgb_1751560209.jpg,335.2453156505529,0
351,1751560213,ED-06,iPad,ED-06/iPad/FSM/rgb_1751560213.jpg,342.43502020011846,1
352,1751560216,ED-06,iPad,ED-06/iPad/FSM/rgb_1751560216.jpg,332.27891939077483,0
353,1751560220,ED-06,iPad,ED-06/iPad/FSM/rgb_1751560220.jpg,309.2174869101885,0
354,1751560225,ED-06,iPad,ED-06/iPad/FSM/rgb_1751560225.jpg,346.2987760227828,0
355,1751560565,ED-06,iPad,ED-06/iPad/FSM/rgb_1751560565.jpg,252.59402074917315,0
356,1751560656,ED-06,iPad,ED-06/iPad/FSM/rgb_1751560656.jpg,317.5090647317574,0
357,1751560687,ED-06,iPad,ED-06/iPad/FSM/rgb_1751560687.jpg,504.73575933626427,0
358,1751560739,ED-06,iPad,ED-06/iPad/FSM/rgb_1751560739.jpg,470.63859674211227,0
359,1751561674,ED-06,iPad,ED-06/iPad/FSM/rgb_1751561674.jpg,481.9653158342675,0
360,1751561723,ED-06,iPad,ED-06/iPad/FSM/rgb_1751561723.jpg,345.9886807196791,0
361,1751561793,ED-06,iPad,ED-06/iPad/FSM/rgb_1751561793.jpg,791.2761056190941,0
362,1751561866,ED-06,iPad,ED-06/iPad/FSM/rgb_1751561866.jpg,247.26621747258,0
363,1751561892,ED-06,iPad,ED-06/iPad/FSM/rgb_1751561892.jpg,259.2543886810773,0
364,1751561929,ED-06,iPad,ED-06/iPad/FSM/rgb_1751561929.jpg,447.1899556980171,0
365,1751562012,ED-06,iPad,ED-06/iPad/FSM/rgb_1751562012.jpg,331.9277605672635,0
366,1751562046,ED-06,iPad,ED-06/iPad/FSM/rgb_1751562046.jpg,316.0393405037157,0
367,1751562074,ED-06,iPad,ED-06/iPad/FSM/rgb_1751562074.jpg,469.58517448134575,0
368,1751562152,ED-06,iPad,ED-06/iPad/FSM/rgb_1751562152.jpg,431.153141481456,0
369,1751562245,ED-06,iPad,ED-06/iPad/FSM/rgb_1751562245.jpg,410.91953919470234,0
370,1751562361,ED-06,iPad,ED-06/iPad/FSM/rgb_1751562361.jpg,470.55269375215534,0
371,1751563137,ED-06,iPad,ED-06/iPad/FSM/rgb_1751563137.jpg,177.10144981336163,0
372,1751563178,ED-06,iPad,ED-06/iPad/FSM/rgb_1751563178.jpg,378.9714696269359,1
373,1751563223,ED-06,iPad,ED-06/iPad/FSM/rgb_1751563223.jpg,239.6519944193276,1
374,1751563292,ED-06,iPad,ED-06/iPad/FSM/rgb_1751563292.jpg,190.7646235331978,2
375,1751563328,ED-06,iPad,ED-06/iPad/FSM/rgb_1751563328.jpg,274.7904375026354,1
376,1751563336,ED-06,iPad,ED-06/iPad/FSM/rgb_1751563336.jpg,293.5613845389268,1
377,1751563475,ED-06,iPad,ED-06/iPad/FSM/rgb_1751563475.jpg,143.9598832570171,1
378,1751563486,ED-06,iPad,ED-06/iPad/FSM/rgb_1751563486.jpg,151.6136617908859,2
379,1751563492,ED-06,iPad,ED-06/iPad/FSM/rgb_1751563492.jpg,145.70577141462252,2
380,1751563498,ED-06,iPad,ED-06/iPad/FSM/rgb_1751563498.jpg,136.38258374182888,2
381,1751563534,ED-06,iPad,ED-06/iPad/FSM/rgb_1751563534.jpg,154.63516361796457,2
382,1751563747,ED-06,iPad,ED-06/iPad/FSM/rgb_1751563747.jpg,143.172771036807,1
383,1751564110,ED-06,iPad,ED-06/iPad/FSM/rgb_1751564110.jpg,336.88600470683866,1
384,1751564115,ED-06,iPad,ED-06/iPad/FSM/rgb_1751564115.jpg,383.04743927908214,1
385,1751569780,ED-06,iPad,ED-06/iPad/FSM/rgb_1751569780.jpg,182.44331997292286,0
386,1751569813,ED-06,iPad,ED-06/iPad/FSM/rgb_1751569813.jpg,180.08715135371264,2
387,1751569928,ED-06,iPad,ED-06/iPad/FSM/rgb_1751569928.jpg,250.71200592184678,0
388,1751569964,ED-06,iPad,ED-06/iPad/FSM/rgb_1751569964.jpg,598.6639067746647,0
389,1751570037,ED-06,iPad,ED-06/iPad/FSM/rgb_1751570037.jpg,277.2184671591835,1
390,1751570171,ED-06,iPad,ED-06/iPad/FSM/rgb_1751570171.jpg,875.3468841342341,0
391,1751570197,ED-06,iPad,ED-06/iPad/FSM/rgb_1751570197.jpg,236.9573560502549,0
392,1751570287,ED-06,iPad,ED-06/iPad/FSM/rgb_1751570287.jpg,315.63072892831445,0
393,1751570762,ED-06,iPad,ED-06/iPad/FSM/rgb_1751570762.jpg,186.6709656901799,2
394,1751570800,ED-06,iPad,ED-06/iPad/FSM/rgb_1751570800.jpg,174.9036361074828,2
395,1751570846,ED-06,iPad,ED-06/iPad/FSM/rgb_1751570846.jpg,341.90909045451673,1
396,1751570927,ED-06,iPad,ED-06/iPad/FSM/rgb_1751570927.jpg,358.3061046129137,1
397,1751570992,ED-06,iPad,ED-06/iPad/FSM/rgb_1751570992.jpg,262.80615636575965,1
398,1751571104,ED-06,iPad,ED-06/iPad/FSM/rgb_1751571104.jpg,217.00715023510787,2
399,1751571171,ED-06,iPad,ED-06/iPad/FSM/rgb_1751571171.jpg,432.82569647450475,0
400,1751571177,ED-06,iPad,ED-06/iPad/FSM/rgb_1751571177.jpg,441.2595281531344,1
401,1751571319,ED-06,iPad,ED-06/iPad/FSM/rgb_1751571319.jpg,354.9324176085211,0
402,1751571446,ED-06,iPad,ED-06/iPad/FSM/rgb_1751571446.jpg,277.3363084691017,1
403,1751571456,ED-06,iPad,ED-06/iPad/FSM/rgb_1751571456.jpg,305.00946309610543,2
404,1751571501,ED-06,iPad,ED-06/iPad/FSM/rgb_1751571501.jpg,206.46635033458773,0
405,1751571534,ED-06,iPad,ED-06/iPad/FSM/rgb_1751571534.jpg,489.10426453279626,0
406,1751571599,ED-06,iPad,ED-06/iPad/FSM/rgb_1751571599.jpg,173.3406433125687,1
407,1751572639,ED-06,iPad,ED-06/iPad/FSM/rgb_1751572639.jpg,500.95221186151105,0
408,1751572695,ED-06,iPad,ED-06/iPad/FSM/rgb_1751572695.jpg,579.0558658036298,1
409,1751572761,ED-06,iPad,ED-06/iPad/FSM/rgb_1751572761.jpg,302.4988781390057,1
410,1751572769,ED-06,iPad,ED-06/iPad/FSM/rgb_1751572769.jpg,416.6497185344503,0
411,1751572807,ED-06,iPad,ED-06/iPad/FSM/rgb_1751572807.jpg,307.43260546075066,2
412,1751572878,ED-06,iPad,ED-06/iPad/FSM/rgb_1751572878.jpg,352.1124258947867,1
413,1751572937,ED-06,iPad,ED-06/iPad/FSM/rgb_1751572937.jpg,426.05753438779084,0
414,1751573028,ED-06,iPad,ED-06/iPad/FSM/rgb_1751573028.jpg,441.581413845562,1
415,1751573038,ED-06,iPad,ED-06/iPad/FSM/rgb_1751573038.jpg,446.8732178613862,2
416,1751573232,ED-06,iPad,ED-06/iPad/FSM/rgb_1751573232.jpg,249.51157232822717,1
417,1751573310,ED-06,iPad,ED-06/iPad/FSM/rgb_1751573310.jpg,144.92120906602764,2
418,1751573346,ED-06,iPad,ED-06/iPad/FSM/rgb_1751573346.jpg,148.18976777309672,0
419,1751573351,ED-06,iPad,ED-06/iPad/FSM/rgb_1751573351.jpg,152.1960515499349,1
420,1751573374,ED-06,iPad,ED-06/iPad/FSM/rgb_1751573374.jpg,211.89483068059945,0
421,1751573401,ED-06,iPad,ED-06/iPad/FSM/rgb_1751573401.jpg,187.13523874780094,1
422,1751462030,ED-05,iPhone,ED-05/iPhone/FSM/rgb_1751462030.jpg,331.8206648967449,1
423,1751474389,ED-05,iPhone,ED-05/iPhone/FSM/rgb_1751474389.jpg,329.3001368280066,0
424,1751474441,ED-05,iPhone,ED-05/iPhone/FSM/rgb_1751474441.jpg,278.8641771682912,2
425,1751474495,ED-05,iPhone,ED-05/iPhone/FSM/rgb_1751474495.jpg,172.80251702158122,1
426,1751475059,ED-05,iPhone,ED-05/iPhone/FSM/rgb_1751475059.jpg,105.67682385312288,1
427,1751475178,ED-05,iPhone,ED-05/iPhone/FSM/rgb_1751475178.jpg,268.02097098516606,1
428,1751476657,ED-05,iPhone,ED-05/iPhone/FSM/rgb_1751476657.jpg,287.3034086237607,1
429,1751477928,ED-05,iPhone,ED-05/iPhone/FSM/rgb_1751477928.jpg,299.64942503612593,1
430,1751483492,ED-05,iPhone,ED-05/iPhone/FSM/rgb_1751483492.jpg,295.9778311856594,1
431,1751484030,ED-05,iPhone,ED-05/iPhone/FSM/rgb_1751484030.jpg,295.1116250239228,1
432,1751484143,ED-05,iPhone,ED-05/iPhone/FSM/rgb_1751484143.jpg,244.59472613857784,0
433,1751485923,ED-05,iPhone,ED-05/iPhone/FSM/rgb_1751485923.jpg,408.1828850419428,1
434,1751486161,ED-05,iPhone,ED-05/iPhone/FSM/rgb_1751486161.jpg,301.2031253224304,1
435,1751487090,ED-05,iPhone,ED-05/iPhone/FSM/rgb_1751487090.jpg,307.6258055985541,1
436,1751487143,ED-05,iPhone,ED-05/iPhone/FSM/rgb_1751487143.jpg,374.28349730023683,1
437,1751487565,ED-05,iPhone,ED-05/iPhone/FSM/rgb_1751487565.jpg,274.8749053001827,1
438,1751548760,ED-06,iPhone,ED-06/iPhone/FSM/rgb_1751548760.jpg,1379.8275402209529,1
439,1751555253,ED-06,iPhone,ED-06/iPhone/FSM/rgb_1751555253.jpg,336.1823963714362,1
440,1751555262,ED-06,iPhone,ED-06/iPhone/FSM/rgb_1751555262.jpg,348.27026639823924,2
441,1751555869,ED-06,iPhone,ED-06/iPhone/FSM/rgb_1751555869.jpg,284.66593101581196,1
442,1751556017,ED-06,iPhone,ED-06/iPhone/FSM/rgb_1751556017.jpg,276.1181244387716,1
443,1751556330,ED-06,iPhone,ED-06/iPhone/FSM/rgb_1751556330.jpg,255.84046681637906,1
444,1751556413,ED-06,iPhone,ED-06/iPhone/FSM/rgb_1751556413.jpg,163.0816502705994,1
445,1751556438,ED-06,iPhone,ED-06/iPhone/FSM/rgb_1751556438.jpg,169.27142495213113,2
446,1751556509,ED-06,iPhone,ED-06/iPhone/FSM/rgb_1751556509.jpg,169.0222682912378,1
447,1751556621,ED-06,iPhone,ED-06/iPhone/FSM/rgb_1751556621.jpg,189.19106111377351,1
448,1751556660,ED-06,iPhone,ED-06/iPhone/FSM/rgb_1751556660.jpg,391.5989748961357,1
449,1751556672,ED-06,iPhone,ED-06/iPhone/FSM/rgb_1751556672.jpg,396.7920080289262,1
450,1751557579,ED-06,iPhone,ED-06/iPhone/FSM/rgb_1751557579.jpg,140.2236266190097,1
451,1751557650,ED-06,iPhone,ED-06/iPhone/FSM/rgb_1751557650.jpg,182.7338255642252,1
452,1751557696,ED-06,iPhone,ED-06/iPhone/FSM/rgb_1751557696.jpg,169.939157977123,2
453,1751557721,ED-06,iPhone,ED-06/iPhone/FSM/rgb_1751557721.jpg,171.29778095709383,2
454,1751557758,ED-06,iPhone,ED-06/iPhone/FSM/rgb_1751557758.jpg,270.80735399940505,1
455,1751557796,ED-06,iPhone,ED-06/iPhone/FSM/rgb_1751557796.jpg,243.80091514118556,0
456,1751557838,ED-06,iPhone,ED-06/iPhone/FSM/rgb_1751557838.jpg,242.7277258004442,0
457,1751557954,ED-06,iPhone,ED-06/iPhone/FSM/rgb_1751557954.jpg,283.7298626581789,1
458,1751558078,ED-06,iPhone,ED-06/iPhone/FSM/rgb_1751558078.jpg,261.84879263531195,0
459,1751558126,ED-06,iPhone,ED-06/iPhone/FSM/rgb_1751558126.jpg,162.9123177468728,2
460,1751558178,ED-06,iPhone,ED-06/iPhone/FSM/rgb_1751558178.jpg,154.16125120178788,1
461,1751558309,ED-06,iPhone,ED-06/iPhone/FSM/rgb_1751558309.jpg,292.92871358061853,2
462,1751558347,ED-06,iPhone,ED-06/iPhone/FSM/rgb_1751558347.jpg,155.1606857154908,2
463,1751559247,ED-06,iPhone,ED-06/iPhone/FSM/rgb_1751559247.jpg,687.7596517642677,0
464,1751559293,ED-06,iPhone,ED-06/iPhone/FSM/rgb_1751559293.jpg,663.229819710892,0
465,1751559326,ED-06,iPhone,ED-06/iPhone/FSM/rgb_1751559326.jpg,990.0341465073793,0
466,1751559377,ED-06,iPhone,ED-06/iPhone/FSM/rgb_1751559377.jpg,380.72092920887195,0
467,1751559395,ED-06,iPhone,ED-06/iPhone/FSM/rgb_1751559395.jpg,400.7744655494268,0
468,1751559643,ED-06,iPhone,ED-06/iPhone/FSM/rgb_1751559643.jpg,437.98077118380525,0
469,1751559823,ED-06,iPhone,ED-06/iPhone/FSM/rgb_1751559823.jpg,630.0978207688,0
470,1751559830,ED-06,iPhone,ED-06/iPhone/FSM/rgb_1751559830.jpg,711.587172166406,0
471,1751559836,ED-06,iPhone,ED-06/iPhone/FSM/rgb_1751559836.jpg,974.4102934918965,0
472,1751559845,ED-06,iPhone,ED-06/iPhone/FSM/rgb_1751559845.jpg,586.7300227395224,0
473,1751559851,ED-06,iPhone,ED-06/iPhone/FSM/rgb_1751559851.jpg,591.3516515567844,0
474,1751559865,ED-06,iPhone,ED-06/iPhone/FSM/rgb_1751559865.jpg,687.3818322962411,0
475,1751559872,ED-06,iPhone,ED-06/iPhone/FSM/rgb_1751559872.jpg,571.317653014671,0
476,1751559878,ED-06,iPhone,ED-06/iPhone/FSM/rgb_1751559878.jpg,965.8149726153443,0
477,1751559889,ED-06,iPhone,ED-06/iPhone/FSM/rgb_1751559889.jpg,348.4128226702272,1
478,1751559895,ED-06,iPhone,ED-06/iPhone/FSM/rgb_1751559895.jpg,346.556548870352,1
479,1751559900,ED-06,iPhone,ED-06/iPhone/FSM/rgb_1751559900.jpg,345.7963336075302,1
480,1751559912,ED-06,iPhone,ED-06/iPhone/FSM/rgb_1751559912.jpg,324.95933480051605,1
481,1751559925,ED-06,iPhone,ED-06/iPhone/FSM/rgb_1751559925.jpg,314.8648600382089,1
482,1751559932,ED-06,iPhone,ED-06/iPhone/FSM/rgb_1751559932.jpg,354.9479105483327,0
483,1751559942,ED-06,iPhone,ED-06/iPhone/FSM/rgb_1751559942.jpg,365.6515800750299,0
484,1751559949,ED-06,iPhone,ED-06/iPhone/FSM/rgb_1751559949.jpg,329.674462647705,0
485,1751559964,ED-06,iPhone,ED-06/iPhone/FSM/rgb_1751559964.jpg,327.04557649774495,2
486,1751559995,ED-06,iPhone,ED-06/iPhone/FSM/rgb_1751559995.jpg,312.95839345169844,1
487,1751560001,ED-06,iPhone,ED-06/iPhone/FSM/rgb_1751560001.jpg,332.77544359968437,1
488,1751560007,ED-06,iPhone,ED-06/iPhone/FSM/rgb_1751560007.jpg,338.32106553886695,1
489,1751560014,ED-06,iPhone,ED-06/iPhone/FSM/rgb_1751560014.jpg,324.1003943939966,1
490,1751560021,ED-06,iPhone,ED-06/iPhone/FSM/rgb_1751560021.jpg,339.7791745776213,2
491,1751560028,ED-06,iPhone,ED-06/iPhone/FSM/rgb_1751560028.jpg,341.86940366356293,1
492,1751560035,ED-06,iPhone,ED-06/iPhone/FSM/rgb_1751560035.jpg,310.2314332517725,1
493,1751560041,ED-06,iPhone,ED-06/iPhone/FSM/rgb_1751560041.jpg,358.0675059454297,1
494,1751560046,ED-06,iPhone,ED-06/iPhone/FSM/rgb_1751560046.jpg,341.16439821429714,1
495,1751560052,ED-06,iPhone,ED-06/iPhone/FSM/rgb_1751560052.jpg,344.6885945255134,2
496,1751560084,ED-06,iPhone,ED-06/iPhone/FSM/rgb_1751560084.jpg,329.8695999883701,1
497,1751560092,ED-06,iPhone,ED-06/iPhone/FSM/rgb_1751560092.jpg,331.9043998890039,0
498,1751560098,ED-06,iPhone,ED-06/iPhone/FSM/rgb_1751560098.jpg,372.1262325560965,0
499,1751560103,ED-06,iPhone,ED-06/iPhone/FSM/rgb_1751560103.jpg,370.2466259238165,1
500,1751560114,ED-06,iPhone,ED-06/iPhone/FSM/rgb_1751560114.jpg,315.0558036139908,1
501,1751560122,ED-06,iPhone,ED-06/iPhone/FSM/rgb_1751560122.jpg,366.40164503461676,0
502,1751560231,ED-06,iPhone,ED-06/iPhone/FSM/rgb_1751560231.jpg,389.1672115012779,0
503,1751565119,ED-06,iPhone,ED-06/iPhone/FSM/rgb_1751565119.jpg,364.6338953333119,1
504,1751565134,ED-06,iPhone,ED-06/iPhone/FSM/rgb_1751565134.jpg,275.4269893734345,0
505,1751565164,ED-06,iPhone,ED-06/iPhone/FSM/rgb_1751565164.jpg,267.9102608523823,1
506,1751565182,ED-06,iPhone,ED-06/iPhone/FSM/rgb_1751565182.jpg,221.3967857646554,1
507,1751565200,ED-06,iPhone,ED-06/iPhone/FSM/rgb_1751565200.jpg,138.41530780220174,2
508,1751565291,ED-06,iPhone,ED-06/iPhone/FSM/rgb_1751565291.jpg,183.7657944999315,1
509,1751565378,ED-06,iPhone,ED-06/iPhone/FSM/rgb_1751565378.jpg,380.5482387024936,1
510,1751565424,ED-06,iPhone,ED-06/iPhone/FSM/rgb_1751565424.jpg,383.02595587488446,1
511,1751565479,ED-06,iPhone,ED-06/iPhone/FSM/rgb_1751565479.jpg,194.9781177797849,1
512,1751565621,ED-06,iPhone,ED-06/iPhone/FSM/rgb_1751565621.jpg,469.3140950415595,0
513,1751565665,ED-06,iPhone,ED-06/iPhone/FSM/rgb_1751565665.jpg,447.9118398028378,2
514,1751565936,ED-06,iPhone,ED-06/iPhone/FSM/rgb_1751565936.jpg,387.7811170005396,1
515,1751566004,ED-06,iPhone,ED-06/iPhone/FSM/rgb_1751566004.jpg,258.9501411308552,1
516,1751567974,ED-06,iPhone,ED-06/iPhone/FSM/rgb_1751567974.jpg,318.90697195900793,0
517,1751568034,ED-06,iPhone,ED-06/iPhone/FSM/rgb_1751568034.jpg,380.57240581127996,1
518,1751568077,ED-06,iPhone,ED-06/iPhone/FSM/rgb_1751568077.jpg,342.0950617284538,0
519,1751568103,ED-06,iPhone,ED-06/iPhone/FSM/rgb_1751568103.jpg,298.60459422069914,1
520,1751568145,ED-06,iPhone,ED-06/iPhone/FSM/rgb_1751568145.jpg,288.5563608388306,0
521,1751568159,ED-06,iPhone,ED-06/iPhone/FSM/rgb_1751568159.jpg,277.33829052785484,1
522,1751568456,ED-06,iPhone,ED-06/iPhone/FSM/rgb_1751568456.jpg,309.42916677060964,0
523,1751568515,ED-06,iPhone,ED-06/iPhone/FSM/rgb_1751568515.jpg,263.2750619677545,1
524,1751568529,ED-06,iPhone,ED-06/iPhone/FSM/rgb_1751568529.jpg,144.6532912364159,1
